Player,Team,Position,Age,Games,Receptions_per_Game,Receiving_Yards_per_Game,Rushing_Yards_per_Game,Rushing_Attempts_per_Game
A.J. Brown,TEN,WR,22,16,3.3,65.7,3.8,0.2
A.J. McCarron,HOU,NA,29,2,0,0,19.5,2.5
Aaron Jones,GNB,RB,25,16,3.1,29.6,67.8,14.8
Aaron Rodgers,GNB,QB,36,16,0,0,11.4,2.9
Adam Humphries,TEN,NA,26,12,3.1,31.2,0.1,0.1
Adam Shaheen,CHI,NA,25,8,1.1,9.3,NA,NA
Adam Thielen,MIN,WR,29,10,3,41.8,0.6,0.4
Adrian Peterson,WAS,RB,34,15,1.1,9.5,59.9,14.1
Albert Wilson,MIA,NA,27,13,3.3,27,3.5,0.4
Alec Ingold,OAK,NA,23,16,0.4,2.8,1.1,0.6
Alex Armah,CAR,NA,25,16,0.1,0.4,0.7,0.4
Alex Erickson,CIN,wr,27,16,2.7,33.1,2.1,0.3
Alexander Hollins,MIN,NA,23,5,0.4,9.2,NA,NA
Alexander Mattison,MIN,NA,21,13,0.8,6.3,35.5,7.7
Alfred Morris,ARI,NA,31,1,0,0,4,1
Allen Hurns,MIA,WR,28,14,2.3,29.7,NA,NA
Allen Lazard,GNB,NA,24,16,2.2,29.8,1.3,0.1
Allen Robinson,CHI,WR,26,16,6.1,71.7,0.1,0.1
Alshon Jeffery,PHI,WR,29,10,4.3,49,0.2,0.1
Alvin Kamara,NOR,RB,24,14,5.8,38.1,56.9,12.2
Amari Cooper,DAL,WR,25,16,4.9,74.3,0.4,0.1
Ameer Abdullah,MIN,NA,26,16,0.9,5.5,7.2,1.4
Andre Patton,LAC,WR,25,13,0.5,4.3,NA,NA
Andre Roberts,BUF,NA,31,13,0.2,1.5,0.5,0.1
Andrew Beck,DEN,te,23,16,0.6,5.6,0.2,0.1
Andy Dalton,CIN,QB,32,13,0.1,-0.3,5.6,2.5
Andy Isabella,ARI,NA,23,15,0.6,12.6,1,0.3
Andy Janovich,DEN,/fb,26,7,0.7,6,0.1,0.1
Anthony Firkser,TEN,NA,24,15,0.9,13.6,NA,NA
Anthony Levine,BAL,NA,32,16,0,0,3.9,0.1
Anthony Miller,CHI,WR,25,16,3.3,41,-0.1,0.1
Anthony Sherman,KAN,NA,31,16,0.1,1.4,0.6,0.3
Antonio Brown,NWE,NA,31,1,4,56,5,1
Antonio Callaway,CLE,NA,22,4,2,22.3,NA,NA
Antony Auclair,TAM,te,26,8,0.1,1.4,NA,NA
Ashton Dulin,IND,NA,22,13,0.2,1.3,NA,NA
Auden Tate,CIN,WR,22,12,3.3,47.9,NA,NA
Austin Carr,NOR,NA,26,6,0.2,1.5,NA,NA
Austin Ekeler,LAC,rb,24,16,5.8,62.1,34.8,8.3
Austin Hooper,ATL,TE,25,13,5.8,60.5,NA,NA
Baker Mayfield,CLE,QB,24,16,0,0,8.8,1.8
Ben Braunecker,CHI,NA,25,11,0.5,5.4,NA,NA
Ben Koyack,JAX,te,26,11,0.1,0.8,NA,NA
Ben Roethlisberger,PIT,NA,37,2,0,0,3.5,0.5
Ben Watson,NWE,te,39,10,1.7,17.3,NA,NA
Bennie Fowler,NYG,NA,28,8,2.9,24.1,2.5,0.1
Benny Snell Jr.,PIT,NA,21,13,0.2,1.8,32.8,8.3
Bilal Powell,NYJ,/rb,31,13,0.5,2.5,17.6,4.5
Blake Bell,KAN,TE,28,15,0.5,4.5,NA,NA
Blake Jarwin,DAL,te,25,16,1.9,22.8,NA,NA
Bo Scarbrough,DET,rb,25,6,0.2,0.8,62.8,14.8
Bobo Wilson,TAM,NA,24,6,0.5,5.8,NA,NA
Boston Scott,PHI,NA,24,11,2.2,18.5,22.3,5.5
Brandin Cooks,LAR,WR,26,14,3,41.6,3.7,0.4
Brandon Allen,DEN,NA,27,3,0,0,13,3.3
Brandon Bolden,NWE,NA,29,15,0.6,7.4,4.5,1
Brandon Zylstra,CAR,NA,26,8,1,13.3,NA,NA
Braxton Berrios,NYJ,NA,24,16,0.4,7.2,NA,NA
Breshad Perriman,TAM,/wr,26,14,2.6,46.1,1.1,0.1
Brett Hundley,ARI,NA,26,3,0,0,13.7,2.3
Brian Hill,ATL,NA,24,12,0.8,5.8,26.9,6.5
Brian Hoyer,IND,/qb,34,4,0,0,0.5,2
Buddy Howell,HOU,NA,23,16,0,0,0.6,0.3
Byron Pringle,KAN,NA,26,16,0.8,10.6,NA,NA
C.J. Anderson,DET,NA,28,2,0,0,21.5,8
C.J. Board,JAX,NA,26,4,0.5,7.8,NA,NA
C.J. Ham,MIN,FB,26,16,1.1,9.3,1.1,0.4
C.J. Prosise,SEA,NA,25,9,1.1,8.4,8,2.6
C.J. Uzomah,CIN,TE,26,16,1.7,15.1,NA,NA
Calvin Ridley,ATL,WR,25,13,4.8,66.6,2.6,0.2
Cam Sims,WAS,NA,23,7,0.3,3.9,NA,NA
Cameron Brate,TAM,TE,28,16,2.3,19.4,NA,NA
Carlos Hyde,HOU,RB,29,16,0.6,2.6,66.9,15.3
Carson Wentz,PHI,QB,27,16,0,0,15.2,3.9
Case Keenum,WAS,QB,31,10,0,0,1.2,0.9
Cedrick Wilson Jr.,DAL,NA,24,6,0.8,7.7,NA,NA
Cethan Carter,CIN,NA,24,15,0.1,0.9,NA,NA
Chad Beebe,MIN,NA,25,3,0.7,23.3,NA,NA
Charles Clay,ARI,TE,30,15,1.2,15.8,NA,NA
Charles Jones,JAX,NA,23,4,0.3,1.3,NA,NA
Chase Daniel,CHI,/qb,33,3,0,0,2,2
Chase Edmonds,ARI,NA,23,13,0.9,8.1,23.3,4.6
Chester Rogers,IND,wr,25,12,1.3,14.9,1.5,0.1
Chris Carson,SEA,RB,25,15,2.5,17.7,82,18.5
Chris Conley,JAX,WR,27,16,2.9,48.4,NA,NA
Chris Godwin,TAM,WR,23,14,6.1,95.2,0.6,0.1
Chris Herndon,NYJ,NA,23,1,1,7,NA,NA
Chris Hogan,CAR,/wr,32,7,1.1,9.6,NA,NA
Chris Lacy,DET,NA,23,7,0.4,8.6,NA,NA
Chris Manhertz,CAR,te,27,15,0.1,0.7,NA,NA
Chris Moore,BAL,NA,26,14,0.2,1.5,0,0.1
Chris Thompson,WAS,NA,29,11,3.8,34.4,12.5,3.4
Christian Blake,ATL,NA,23,9,1.2,10.1,NA,NA
Christian Kirk,ARI,WR,23,13,5.2,54.5,7.2,0.8
Christian McCaffrey,CAR,RB,23,16,7.3,62.8,86.7,17.9
Christian Wilkins,MIA,RDE,24,16,0.1,0.1,NA,NA
Clive Walford,MIA,NA,28,7,0.6,8.1,0.6,0
Codey McElroy,TAM,NA,27,1,1,30,NA,NA
Cody Core,NYG,NA,25,16,0.2,1.8,NA,NA
Cody Davis,JAX,NA,30,16,0.1,0.4,NA,NA
Cody Hollister,TEN,NA,26,5,0.4,2.6,NA,NA
Cody Latimer,NYG,WR,27,15,1.6,20,NA,NA
Cole Beasley,BUF,WR,30,15,4.5,51.9,NA,NA
Colin Jones,CAR,NA,32,16,0,0,0.3,0.1
Colt McCoy,WAS,/qb,33,1,0,0,14,2
Cooper Kupp,LAR,WR,26,16,5.9,72.6,0.3,0.1
Cordarrelle Patterson,CHI,NA,28,16,0.7,5.2,6.4,1.1
Corey Davis,TEN,WR,24,15,2.9,40.1,NA,NA
Courtland Sutton,DEN,WR,24,16,4.5,69.5,1.1,0.2
Curtis Samuel,CAR,WR,23,16,3.4,39.2,8.1,1.2
Cyril Grayson,TAM,NA,26,2,0.5,1.5,NA,NA
D'Ernest Johnson,CLE,NA,23,16,0.4,4.4,1.3,0.3
D.J. Moore,CAR,WR,22,15,5.8,78.3,2.7,0.4
D.K. Metcalf,SEA,WR,22,16,3.6,56.3,0.7,0.1
Da'Mari Scott,NYG,NA,24,5,0.4,4.4,1,0.2
DaeSean Hamilton,DEN,NA,24,16,1.8,18.6,NA,NA
Dak Prescott,DAL,QB,26,16,0,0,17.3,3.3
Dallas Goedert,PHI,TE,24,15,3.9,40.5,NA,NA
Dalton Schultz,DAL,NA,23,16,0.1,0.4,NA,NA
Dalvin Cook,MIN,RB,24,14,3.8,37.1,81.1,17.9
Dalyn Dawkins,TEN,NA,25,2,0,0,13,5.5
Damien Harris,NWE,NA,22,2,0,0,6,2
Damien Williams,KAN,rb,27,11,2.7,19.4,45.3,10.1
Damiere Byrd,ARI,/wr,26,11,2.9,32.6,NA,NA
Damion Ratley,CLE,NA,24,13,0.9,15.4,NA,NA
Damion Willis,CIN,NA,22,10,0.9,8.2,NA,NA
Dan Arnold,2TM,NA,24,5,1.6,25.4,NA,NA
Daniel Brown,NYJ,wr,27,16,0.4,4.5,NA,NA
Daniel Jones,NYG,QB,22,13,0,0,21.5,3.5
Danny Amendola,DET,WR,34,15,4.1,45.2,NA,NA
Danny Vitale,GNB,NA,26,15,0.5,6.5,0.2,0.1
Dante Pettis,SFO,NA,24,11,1,9.9,NA,NA
Dare Ogunbowale,TAM,NA,25,16,2.2,17.9,1.1,0.7
Darius Jennings,TEN,NA,27,8,0.3,2.1,NA,NA
Darius Slayton,NYG,WR,22,14,3.4,52.9,NA,NA
Darrel Williams,KAN,NA,24,12,1.3,13.9,11.8,3.4
Darrell Daniels,ARI,NA,25,11,0.1,0.4,NA,NA
Darrell Henderson,LAR,NA,22,13,0.3,2.8,11.3,3
Darren Fells,HOU,TE,33,16,2.1,21.3,NA,NA
Darren Sproles,PHI,/rb,36,6,1,4,11,2.8
Darren Waller,OAK,TE,27,16,5.6,71.6,0.3,0.1
Darrius Shepherd,GNB,NA,24,6,0.2,0.2,NA,NA
Darwin Thompson,KAN,NA,22,12,0.8,3.6,10.7,3.1
Davante Adams,GNB,WR,27,12,6.9,83.1,NA,NA
David Blough,DET,qb,24,5,0.2,3.8,6.2,1.6
David Johnson,ARI,rb,28,13,2.8,28.5,26.5,7.2
David Montgomery,CHI,rb,22,16,1.6,11.6,55.6,15.1
David Moore,SEA,NA,24,14,1.2,21.5,1.8,0.2
David Njoku,CLE,NA,23,4,1.3,10.3,NA,NA
David Quessenberry,TEN,NA,29,4,0.3,0.3,NA,NA
Dawson Knox,BUF,TE,23,15,1.9,25.9,0.6,0.1
De'Anthony Thomas,2TM,NA,26,14,0.1,0.4,0.4,0.1
De'Lance Turner,MIA,NA,24,8,0,0,0.8,0.5
DeAndre Carter,HOU,NA,26,16,0.7,10.1,NA,NA
DeAndre Hopkins,HOU,WR,27,15,6.9,77.7,1.2,0.1
DeAndre Washington,OAK,NA,26,16,2.3,18.3,24.2,6.8
DeAndrew White,CAR,NA,28,10,0.4,5.1,NA,NA
Dede Westbrook,JAX,WR,26,15,4.4,44,1.8,0.3
Deebo Samuel,SFO,WR,23,15,3.8,53.5,10.6,0.9
Delanie Walker,TEN,/te,35,7,3,30.7,NA,NA
Demarcus Robinson,KAN,wr,25,16,2,28.1,NA,NA
Demaryius Thomas,NYJ,WR,32,11,3.3,39.4,NA,NA
Demetrius Harris,CLE,TE,28,15,1,9.9,NA,NA
Dennis Kelly,TEN,NA,29,15,0.1,0.1,NA,NA
Deon Cain,2TM,NA,23,13,0.7,9.5,NA,NA
Deon Yelder,KAN,NA,24,9,0.3,5.6,NA,NA
Deontay Burnett,PHI,NA,22,1,2,48,NA,NA
Deonte Harris,NOR,NA,22,14,0.4,1.7,2.2,0.3
Derek Carr,OAK,QB,28,16,0,0,5.1,1.7
Derek Carrier,OAK,NA,29,16,0.8,6.8,1.7,0.1
Derek Watt,LAC,/fb,27,16,0.2,2,0.6,0.4
Derrick Henry ,TEN,RB,25,15,1.2,13.7,102.7,20.2
Derrius Guice,WAS,NA,22,5,1.4,15.8,49,8.4
DeSean Jackson,PHI,NA,33,3,3,53,NA,NA
Deshaun Watson,HOU,QB,24,15,0.1,0.4,27.5,5.5
DeVante Parker,MIA,WR,26,16,4.5,75.1,NA,NA
Devin Funchess,IND,/wr,25,1,3,32,NA,NA
Devin Singletary,BUF,RB,22,12,2.4,16.2,64.6,12.6
Devin Smith,DAL,NA,27,4,1.3,28.3,NA,NA
Devine Ozigbo,JAX,NA,23,10,0.3,2.3,2.7,0.9
Devlin Hodges,PIT,qb,23,8,0,0,8.5,2.6
Devonta Freeman,ATL,RB,27,14,4.2,29.3,46.9,13.1
Devontae Booker,DEN,NA,27,16,0.4,3.6,0.6,0.1
Dexter Williams,GNB,NA,22,4,0,0,2.8,1.3
Dion Dawkins,BUF,LT,25,16,0.1,0.1,NA,NA
Dion Lewis,TEN,/rb,29,16,1.6,10.3,13.1,3.4
Diontae Johnson,PIT,WR,23,16,3.7,42.5,2.6,0.3
Diontae Spencer,DEN,NA,27,16,0.4,1.9,0.4,0.2
DJ Chark,JAX,WR,23,15,4.9,67.2,1.3,0.1
Donte Moncrief,2TM,NA,26,8,0.5,2.3,NA,NA
Dontrell Hilliard,CLE,NA,24,14,0.9,6.6,3.5,0.9
Dontrelle Inman,2TM,NA,30,7,1.7,25.9,NA,NA
Drew Lock,DEN,qb,23,5,0,0,14.4,3.6
Drew Sample,CIN,NA,23,9,0.6,3.3,NA,NA
Duke Johnson,HOU,NA,26,16,2.8,25.6,25.6,5.2
Duke Williams,BUF,NA,27,4,3,41.5,NA,NA
Durham Smythe,MIA,TE,24,16,0.4,4.1,NA,NA
Dwayne Harris,OAK,NA,32,3,0.3,2.3,NA,NA
Dwayne Haskins,WAS,qb,22,9,0,0,11.2,2.2
Dwayne Washington,NOR,NA,25,16,0.1,0.4,3.8,0.5
Elandon Roberts,NWE,/il,25,16,0.1,2.4,NA,NA
Eli Manning,NYG,/qb,38,4,0,0,1.8,1
Elijhaa Penny,NYG,NA,26,16,0.1,0.6,2.4,0.9
Emmanuel Sanders,2TM,NA,32,17,3.9,51.1,NA,NA
Eric Ebron,IND,/te,26,11,2.8,34.1,NA,NA
Eric Saubert,CHI,NA,25,2,1,10.5,NA,NA
Eric Tomlinson,3TM,NA,27,8,0.1,0.1,NA,NA
Erik Harris,OAK,FS,29,16,0,0,0.3,0.1
Evan Engram,NYG,TE,25,8,5.5,58.4,0.9,0.4
Ezekiel Elliott,DAL,RB,24,16,3.4,26.3,84.8,18.8
Foster Moreau,OAK,TE,22,13,1.6,13.4,NA,NA
Frank Gore,BUF,rb,36,16,0.8,6.3,37.4,10.4
Fred Brown,DEN,NA,26,13,0.2,1.6,NA,NA
Gardner Minshew II,JAX,QB,23,14,0,0,24.6,4.8
Geoff Swaim,JAX,/te,26,6,2.2,10.8,NA,NA
George Kittle,SFO,TE,26,14,6.1,75.2,1.6,0.4
Gerald Everett,LAR,NA,25,13,2.8,31.4,0,0.1
Geremy Davis,LAC,/wr,27,7,0.4,5.4,NA,NA
Geronimo Allison,GNB,wr,25,16,2.1,17.9,0.4,0.1
Giovani Bernard,CIN,NA,28,16,1.9,14.6,10.6,3.3
Golden Tate,NYG,WR,31,11,4.5,61.5,1.5,0.1
Greg Olsen,CAR,TE,34,14,3.7,42.6,NA,NA
Greg Ward,PHI,NA,24,7,4,36.3,0.7,0.1
Gunner Olszewski,NWE,NA,23,8,0.3,4.3,NA,NA
Gus Edwards,BAL,NA,24,16,0.4,2.8,44.4,8.3
Hale Hentges,WAS,NA,23,11,0.7,9.4,NA,NA
Hayden Hurst,BAL,/te,26,16,1.9,21.8,NA,NA
Hunter Henry,LAC,TE,25,12,4.6,54.3,NA,NA
Hunter Renfrow,OAK,NA,24,13,3.8,46.5,NA,NA
Ian Thomas,CAR,NA,23,16,1,8.5,NA,NA
Irv Smith Jr.,MIN,NA,21,16,2.3,19.4,NA,NA
Isaac Nauta,DET,NA,22,6,0.3,2.2,NA,NA
Isaiah Ford,MIA,NA,23,8,2.9,30.5,1.4,0.1
Isaiah McKenzie,BUF,WR,24,15,1.8,16.9,3.3,0.5
Ishmael Hyman,TAM,NA,24,2,1,17,NA,NA
Ito Smith,ATL,NA,24,7,1.6,12.4,15.1,3.1
J.D. McKissic,DET,/rb,26,16,2.1,14.6,12.8,2.4
J.P. Holtz,2TM,NA,26,15,0.5,6.1,NA,NA
Jack Doyle,IND,TE,29,16,2.7,28,NA,NA
Jacob Hollister,SEA,NA,26,11,3.7,31.7,NA,NA
Jacoby Brissett,IND,QB,27,15,0.1,0.1,15.2,3.7
Jaeden Graham,ATL,NA,24,16,0.6,9.3,NA,NA
Jake Kumerow,GNB,NA,27,14,0.9,15.6,NA,NA
Jakeem Grant,MIA,NA,27,10,1.9,16.4,0.5,0.4
Jakob Johnson,NWE,FB,25,4,0.3,1.3,NA,NA
Jakobi Meyers,NWE,NA,23,15,1.7,23.9,NA,NA
Jaleel Scott,BAL,NA,24,3,0.3,2,NA,NA
Jalen Richard,OAK,NA,26,16,2.3,20.2,9.1,2.4
Jamaal Williams,GNB,NA,24,14,2.8,18.1,32.9,7.6
Jamal Agnew,DET,NA,24,13,0.1,-0.2,0.7,0.1
Jameis Winston,TAM,QB,25,16,0,0,15.6,3.7
James Conner,PIT,RB,24,10,3.4,25.1,46.4,11.6
James Develin,NWE,NA,31,2,0,0,1.5,1
James O'Shaughnessy,JAX,TE,27,5,2.8,30.6,NA,NA
James Washington,PIT,WR,23,15,2.9,49,NA,NA
James White,NWE,NA,27,15,4.8,43,17.5,4.5
Jamison Crowder,NYJ,WR,26,16,4.9,52.1,0.3,0.1
Jared Cook,NOR,te,32,14,3.1,50.4,NA,NA
Jared Goff,LAR,QB,25,16,0,0,2.5,2.1
Jarius Wright,CAR,WR,30,16,1.8,18.5,-0.4,0.1
Jaron Brown,SEA,WR,29,14,1.1,15.7,NA,NA
Jarvis Landry,CLE,WR,27,16,5.2,73.4,0.6,0.1
Jason Moore,LAC,NA,24,10,0.2,4.3,NA,NA
Jason Sanders,MIA,NA,24,16,0.1,0.1,NA,NA
Jason Witten,DAL,TE,37,16,3.9,33.1,NA,NA
Javon Wims,CHI,wr,25,16,1.1,11.6,NA,NA
Javorius Allen,NYG,NA,28,10,0.1,0.9,3.6,1
Jay Ajayi,PHI,NA,26,3,0,0,10,3.3
Jaylen Samuels,PIT,NA,23,14,3.4,21.8,12.5,4.7
Jeff Driskel,DET,/qb,26,3,0.3,2,50.3,7.3
Jeff Heuerman,DEN,TE,27,14,1,8.1,NA,NA
Jeff Smith,NYJ,NA,22,1,1,12,NA,NA
Jeff Wilson,SFO,NA,24,10,0.3,3.4,10.5,2.7
Jeremy Sprinkle,WAS,TE,25,16,1.6,15.1,NA,NA
Jesper Horsted,CHI,NA,22,6,1.3,14.5,NA,NA
Jesse James,DET,TE,25,16,1,8.9,NA,NA
Jimmy Garoppolo,SFO,QB,28,16,0,0,3.9,2.9
Jimmy Graham,GNB,TE,33,16,2.4,27.9,NA,NA
JJ Arcega-Whiteside,PHI,wr,23,16,0.6,10.6,NA,NA
JJ Nelson,OAK,NA,27,2,2,18,NA,NA
Joe Flacco,DEN,QB,34,8,0,0,2.5,1.5
Joe Mixon,CIN,RB,23,16,2.2,17.9,71.1,17.4
John Brown,BUF,WR,29,15,4.8,70.7,0.5,0.1
John Franklin,TAM,NA,25,1,0,0,11,1
John Kelly,LAR,NA,23,4,0,0,2.3,0.8
John Ross,CIN,WR,24,8,3.5,63.3,0.5,0.4
John Ursua,SEA,NA,25,3,0.3,3.7,NA,NA
Johnny Holton,PIT,/wr,29,16,0.2,1.3,0.6,0.1
Johnny Mundt,LAR,NA,25,13,0.3,2,NA,NA
Jon Hilliman,NYG,NA,24,3,1,0.3,30.3,10
Jonathan Williams,IND,NA,25,9,0.6,6.6,26.1,5.4
Jonnu Smith,TEN,TE,24,16,2.2,27.4,4.9,0.3
Jordan Akins,HOU,TE,27,16,2.3,26.1,NA,NA
Jordan Howard,PHI,/rb,25,10,1,6.9,52.5,11.9
Jordan Matthews,2TM,NA,27,3,1.3,11,NA,NA
Jordan Scarlett,CAR,NA,23,9,0,0,1,0.4
Jordan Thomas,HOU,NA,23,5,0.2,1.6,NA,NA
Jordan Wilkins,IND,NA,25,14,0.5,3.1,21.9,3.6
Josh Adams,NYJ,NA,23,3,0,0,4,2.7
Josh Allen,BUF,QB,23,16,0,0,31.9,6.8
Josh Bellamy,NYJ,NA,30,7,0.3,2.9,NA,NA
Josh Ferguson,WAS,NA,26,2,0,0,4.5,1.5
Josh Gordon,2TM,NA,28,11,2.5,38.7,0.1,0.1
Josh Hill,NOR,TE,29,16,1.6,14.1,NA,NA
Josh Jacobs,OAK,RB,21,13,1.5,12.8,88.5,18.6
Josh Oliver,JAX,NA,22,4,0.8,3.8,NA,NA
Josh Reynolds,LAR,NA,24,16,1.3,20.4,1.4,0.3
Josh Rosen,MIA,NA,22,6,0,0,2.2,0.5
Joshua Perkins,PHI,NA,26,5,1.8,17.4,NA,NA
JuJu Smith-Schuster,PIT,WR,23,12,3.5,46,NA,NA
Julian Edelman,NWE,WR,33,16,6.3,69.8,1.7,0.5
Julio Jones,ATL,WR,30,15,6.6,92.9,-0.2,0.1
Justice Hill,BAL,NA,22,16,0.5,4.4,14.1,3.6
Justin Hardy,ATL,/wr,28,16,1.2,12.2,NA,NA
Justin Jackson,LAC,NA,23,7,1.3,3.1,28.6,4.1
Justin Watson,TAM,NA,23,16,0.9,9.9,NA,NA
Kaden Smith,NYG,te,22,9,3.4,29.8,NA,NA
Kalen Ballage,MIA,RB,24,12,1.2,5.3,11.3,6.2
Kalif Raymond,TEN,NA,25,8,1.1,21.3,-0.6,0.1
Kareem Hunt,CLE,NA,24,8,4.6,35.6,22.4,5.4
Keelan Cole,JAX,NA,26,16,1.5,22.6,0.4,0.1
Keelan Doss,OAK,NA,23,8,1.4,16.6,NA,NA
Keenan Allen,LAC,WR,27,16,6.5,74.9,1,0.2
KeeSean Johnson,ARI,NA,23,10,2.1,18.7,0.3,0.1
Keith Smith,ATL,fb,27,16,0.1,0.8,0.5,0.3
Keke Coutee,HOU,NA,22,9,2.4,28.2,1.6,0.2
Kelvin Harmon,WAS,WR,23,16,1.9,22.8,NA,NA
Kendrick Bourne,SFO,NA,24,16,1.9,22.4,NA,NA
Kenjon Barner,ATL,NA,30,14,0.4,1.6,2,0.3
Kenny Golladay,DET,WR,26,16,4.1,74.4,NA,NA
Kenny Stills,HOU,wr,27,13,3.1,43.2,NA,NA
Kenyan Drake,2TM,NA,25,14,3.6,24.6,58.4,12.1
Kerrith Whyte Jr,PIT,NA,23,6,0.2,1.5,20.3,4
Kerryon Johnson,DET,RB,22,8,1.3,15.9,50.4,14.1
Kevin Byard,TEN,FS,26,16,0.1,0.7,NA,NA
KhaDarel Hodge,CLE,NA,24,16,0.3,4.8,NA,NA
Khari Blasingame,TEN,NA,23,6,0.7,9,NA,NA
Kirk Cousins,MIN,QB,31,15,0,0,4.2,2.1
Krishawn Hogan,NOR,NA,24,8,0.1,0.5,NA,NA
Kyle Allen,CAR,QB,23,13,0,0,8.2,2.5
Kyle Juszczyk,SFO,FB,28,12,1.7,19.9,0.6,0.3
Kyle Rudolph,MIN,TE,30,16,2.4,22.9,NA,NA
Kyler Murray,ARI,QB,22,16,0,0,34,5.8
Lamar Jackson,BAL,QB,22,15,0,0,80.4,11.7
Lance Kendricks,LAC,/te,31,12,0.3,4.2,NA,NA
Laquon Treadwell,MIN,/wr,24,13,0.7,14.2,NA,NA
Larry Fitzgerald,ARI,WR,36,16,4.7,50.3,NA,NA
Latavius Murray,NOR,rb,29,16,2.1,14.7,39.8,9.1
Le'Veon Bell,NYJ,RB,27,15,4.4,30.7,52.6,16.3
Lee Smith,BUF,wr,32,16,0.3,1.9,NA,NA
Leonard Fournette,JAX,RB,24,15,5.1,34.8,76.8,17.7
LeSean McCoy,KAN,RB,31,13,2.2,13.9,35.8,7.8
Levine Toilolo,SFO,NA,28,13,0.2,0.8,NA,NA
Logan Thomas,DET,/te,28,16,1,10.8,NA,NA
Luke Stocker,ATL,te,31,15,0.5,3.5,NA,NA
Luke Willson,SEA,te,29,8,1,9.9,NA,NA
Mack Hollins,2TM,NA,26,16,0.6,7.8,NA,NA
Malcolm Brown,LAR,NA,26,14,0.1,1.1,18.2,4.9
Malik Turner,SEA,NA,23,15,1,16.3,NA,NA
Marcedes Lewis,GNB,TE,35,16,0.9,9.8,NA,NA
Marcell Ateman,OAK,NA,25,11,0.5,10.5,NA,NA
Marcus Johnson,IND,WR,25,8,2.1,34.6,NA,NA
Marcus Mariota,TEN,qb,26,7,0,0,18.4,3.4
Mark Andrews,BAL,NA,24,15,4.3,56.8,NA,NA
Mark Ingram,BAL,RB,30,15,1.7,16.5,67.9,13.5
Mark Walton,MIA,NA,22,7,2.1,12.7,28.7,7.6
Marlon Mack,IND,RB,23,14,1,5.9,77.9,17.6
Marqise Lee,JAX,NA,28,6,0.5,3,0.2,0.2
Marquez Valdes-Scantling,GNB,WR,25,16,1.6,28.3,0.6,0.1
Marquise Brown,BAL,wr,22,14,3.3,41.7,NA,NA
Marquise Goodwin,SFO,wr,29,9,1.3,20.7,1.7,0.1
Marshawn Lynch,SEA,NA,33,1,0,0,34,12
Marvin Hall,DET,NA,26,9,0.8,29,0.8,0.1
Marvin Jones,DET,WR,29,13,4.8,59.9,0,0.2
Mason Rudolph,PIT,QB,24,10,0,0,4.2,2.1
Matt Breida,SFO,rb,24,13,1.5,9.2,47.9,9.5
Matt Haack,MIA,NA,25,16,0,0,0.1,0.1
Matt LaCosse,NWE,TE,27,11,1.2,11.9,NA,NA
Matt Ryan,ATL,QB,34,15,0,0,9.8,2.3
Matthew Stafford,DET,QB,31,8,0,0,8.3,2.5
Maxx Williams,ARI,TE,25,16,0.9,12.6,NA,NA
Mecole Hardman,KAN,wr,21,16,1.6,33.6,1.1,0.3
Melvin Gordon,LAC,RB,26,12,3.5,24.7,51,13.5
Michael Crabtree,ARI,NA,32,2,2,11,NA,NA
Michael Gallup,DAL,WR,23,14,4.7,79.1,NA,NA
Michael Thomas,NOR,WR,26,16,9.3,107.8,-0.6,0.1
Michael Walker,JAX,NA,23,7,0.3,2.1,NA,NA
Mike Boone,MIN,NA,24,16,0.2,1.1,17.1,3.1
Mike Davis,2TM,NA,26,12,0.6,1.8,2.3,1.1
Mike Evans,TAM,WR,26,13,5.2,89,NA,NA
Mike Gesicki,MIA,te,24,16,3.2,35.6,NA,NA
Mike Thomas,LAR,NA,25,16,0.1,0.9,NA,NA
Mike Williams,LAC,WR,25,15,3.3,66.7,0.1,0.1
Miles Boykin,BAL,WR,23,16,0.8,12.4,NA,NA
Miles Sanders,PHI,RB,22,16,3.1,31.8,51.1,11.2
Mitchell Trubisky,CHI,QB,25,15,0,0,12.9,3.2
Mo Alie-Cox,IND,NA,26,16,0.5,5.8,NA,NA
Mohamed Sanu,2TM,NA,30,15,3.9,34.7,0.7,0.2
MyCole Pruitt,TEN,TE,27,16,0.4,5.6,NA,NA
Myles Gaskin,MIA,NA,22,7,1,7.3,19,5.1
N'Keal Harry,NWE,wr,22,7,1.7,15,7,0.7
Nelson Agholor,PHI,WR,26,11,3.5,33,0.6,0.2
Nick Bawden,DET,NA,23,10,0.4,1.7,NA,NA
Nick Bellore,SEA,NA,30,14,0.1,1.6,NA,NA
Nick Boyle,BAL,TE,26,16,1.9,20.1,NA,NA
Nick Chubb,CLE,RB,24,16,2.3,17.4,93.4,18.6
Nick Foles,JAX,/qb,30,4,0,0,5.8,1
Nick O'Leary,2TM,NA,27,12,1.1,9.1,NA,NA
Nick Scott,LAR,NA,24,16,0.1,1.4,0.4,0.1
Nick Vannett,2TM,NA,26,16,1.1,10.4,NA,NA
Noah Fant,DEN,TE,22,16,2.5,35.1,-0.8,0.2
Nyheim Hines,IND,NA,23,16,2.8,20,12.4,3.3
O.J. Howard,TAM,TE,25,14,2.4,32.8,NA,NA
Odell Beckham Jr.,CLE,WR,27,16,4.6,64.7,0.6,0.2
Olabisi Johnson,MIN,NA,22,16,1.9,18.4,0.4,0.1
Olamide Zaccheaus,ATL,NA,22,10,0.3,11.5,NA,NA
Parris Campbell,IND,NA,22,7,2.6,18.1,4.9,0.6
Patrick DiMarco,BUF,fb,30,16,0.3,2.6,0.4,0.2
Patrick Laird,MIA,NA,24,15,1.5,13.6,11.2,4.1
Patrick Mahomes,KAN,QB,24,14,0,0,15.6,3.1
Patrick Ricard,BAL,FB,25,16,0.5,2.9,NA,NA
Paul Perkins,DET,NA,25,4,0.3,2.3,7.3,3
Paul Richardson,WAS,WR,27,10,2.8,24.5,0,0.1
Peyton Barber,TAM,rb,25,16,1,7.2,29.4,9.6
Pharaoh Brown,CLE,TE,25,9,0.2,3,NA,NA
Pharoh Cooper,2TM,NA,24,13,1.9,18.7,0.2,0.1
Philip Rivers,LAC,QB,38,16,0,0,1.8,0.8
Phillip Dorsett,NWE,/wr,26,14,2.1,28.4,1.5,0.2
Phillip Lindsay,DEN,RB,25,16,2.2,12.3,63.2,14
Player,Tm,Pos,NA,NA,NA,NA,NA,NA
Player,Tm,Pos,NA,NA,NA,NA,NA,NA
Player,Tm,Pos,NA,NA,NA,NA,NA,NA
Player,Tm,Pos,NA,NA,NA,NA,NA,NA
Player,Tm,Pos,NA,NA,NA,NA,NA,NA
Player,Tm,Pos,NA,NA,NA,NA,NA,NA
Player,Tm,Pos,NA,NA,NA,NA,NA,NA
Player,Tm,Pos,NA,NA,NA,NA,NA,NA
Player,Tm,Pos,NA,NA,NA,NA,NA,NA
Player,Tm,Pos,NA,NA,NA,NA,NA,NA
Player,Tm,Pos,NA,NA,NA,NA,NA,NA
Player,Tm,Pos,NA,NA,NA,NA,NA,NA
Player,Tm,Pos,NA,NA,NA,NA,NA,NA
Player,Tm,Pos,NA,NA,NA,NA,NA,NA
Player,Tm,Pos,NA,NA,NA,NA,NA,NA
Player,Tm,Pos,NA,NA,NA,NA,NA,NA
Player,Tm,Pos,NA,NA,NA,NA,NA,NA
Player,Tm,Pos,NA,NA,NA,NA,NA,NA
Preston Williams,MIA,WR,22,8,4,53.5,NA,NA
Qadree Ollison,ATL,NA,23,8,0.1,0.9,6.3,2.8
Raheem Mostert,SFO,NA,27,16,0.9,11.3,48.3,8.6
Randall Cobb,DAL,wr,29,15,3.7,55.2,0.7,0.2
Rashaad Penny,SEA,NA,23,10,0.8,8.3,37,6.5
Rashard Davis,TEN,NA,24,1,1,16,NA,NA
Rashard Higgins,CLE,NA,25,10,0.4,5.5,NA,NA
Reggie Bonnafon,CAR,NA,23,16,0.4,3.6,7.3,1
Rex Burkhead,NWE,NA,29,13,2.1,21.5,23.2,5
Rhett Ellison,NYG,fb/te,31,10,1.8,16.7,NA,NA
Richie James,SFO,NA,24,16,0.4,10.3,-0.1,0.1
Ricky Ortiz,NOR,NA,25,1,1,8,NA,NA
Ricky Seals-Jones,CLE,/te,24,14,1,16.4,NA,NA
Rico Gafford,OAK,NA,23,4,0.5,16.5,NA,NA
Riley Ridley,CHI,NA,23,5,1.2,13.8,NA,NA
Robby Anderson,NYJ,WR,26,16,3.3,48.7,0.3,0.1
Robert Davis,2TM,NA,24,6,0.3,2.8,NA,NA
Robert Foster,BUF,NA,25,13,0.2,4.9,2.2,0.2
Robert Griffin III,BAL,NA,29,7,0,0,10,2.9
Robert Tonyan,GNB,NA,25,11,0.9,9.1,NA,NA
Robert Woods,LAR,WR,27,15,6,75.6,7.7,1.1
Ronald Jones II,TAM,RB,22,16,1.9,19.3,45.3,10.8
Roosevelt Nix,PIT,NA,27,3,0.7,1.3,NA,NA
Ross Dwelley,SFO,te,24,16,0.9,5.7,NA,NA
Ross Travis,IND,NA,26,3,1.3,17,NA,NA
Royce Freeman,DEN,NA,23,16,2.7,16,31,8.3
Russell Gage,ATL,NA,23,16,3.1,27.9,0.8,0.3
Russell Shepard,NYG,NA,29,3,1,8.3,NA,NA
Russell Wilson,SEA,QB,31,16,0,0,21.4,4.7
Ryan Finley,CIN,NA,25,3,0,0,25.7,3.3
Ryan Fitzpatrick,MIA,QB,37,15,0,0,16.2,3.6
Ryan Grant,OAK,NA,29,2,2,7,NA,NA
Ryan Griffin,NYJ,TE,29,13,2.6,24.6,NA,NA
Ryan Izzo,NWE,NA,24,6,1,19,NA,NA
Ryan Nall,CHI,NA,24,8,0,0,1,0.3
Ryan Switzer,PIT,NA,25,9,0.9,3,NA,NA
Ryan Tannehill,TEN,QB,31,12,0,0,15.4,3.6
Ryquell Armstead,JAX,NA,23,16,0.9,9,6.8,2.2
Sam Darnold,NYJ,QB,22,13,0,0,4.8,2.5
Samaje Perine,2TM,NA,24,7,0,0,2.3,0.7
Sammy Watkins,KAN,WR,26,14,3.7,48.1,0.9,0.1
Saquon Barkley,NYG,RB,22,13,4,33.7,77.2,16.7
Scott Miller,TAM,NA,22,10,1.3,20,1.6,0.2
Scott Simonson,NYG,/te,27,5,0.4,2.2,NA,NA
Sean Culkin,LAC,NA,26,4,0.3,3,NA,NA
Senorise Perry,BUF,NA,28,11,0.1,0.1,0.3,0.3
Seth Devalve,JAX,te,26,12,1,11.7,NA,NA
Seth Roberts,BAL,NA,28,16,1.3,16.9,NA,NA
Sony Michel,NWE,RB,24,16,0.8,5.9,57,15.4
Spencer Ware,KAN,NA,28,3,1.7,7.3,17,5.7
Stanley Morgan Jr.,CIN,NA,23,11,0.3,1.6,NA,NA
Stefon Diggs,MIN,WR,26,15,4.2,75.3,4.1,0.3
Stephen Carlson,CLE,te,23,9,0.6,5.7,NA,NA
Sterling Shepard,NYG,WR,26,10,5.7,57.6,7.2,0.6
Steven Mitchell,HOU,NA,25,3,0.7,12.3,NA,NA
Steven Sims,WAS,NA,22,16,2.1,19.4,5.3,0.6
T.J. Hockenson,DET,te,22,12,2.7,30.6,NA,NA
T.J. Jones,NYG,NA,27,3,1,12.7,NA,NA
T.J. Logan,TAM,NA,25,12,0.2,1.1,0.8,0.3
T.J. Yeldon,BUF,NA,26,6,2.2,20.7,10.5,2.8
T.Y. Hilton,IND,WR,30,10,4.5,50.1,NA,NA
Taiwan Jones,HOU,NA,31,11,0.1,0.8,3.6,0.8
Tajae Sharpe,TEN,WR,25,15,1.7,21.9,NA,NA
Tanner Hudson,TAM,NA,25,9,0.2,2.9,NA,NA
Tarik Cohen,CHI,RB,24,16,4.9,28.5,13.3,4
Tavon Austin,DAL,NA,29,14,0.9,12.6,3.4,0.4
Taylor Gabriel,CHI,WR,28,9,3.2,39.2,2.2,0.3
Taysom Hill,NOR,wr,29,16,1.2,14.6,9.8,1.7
Ted Ginn Jr.,NOR,WR,34,16,1.9,26.3,1.1,0.2
Teddy Bridgewater,NOR,qb,27,9,0,0,3.4,3.1
Terry McLaurin,WAS,WR,24,14,4.1,65.6,NA,NA
Tevin Coleman,SFO,RB,26,14,1.5,12.9,38.9,9.8
Tevin Jones,PIT,NA,27,5,0.8,12.2,NA,NA
Tim Patrick,DEN,NA,26,8,2,27.3,NA,NA
Todd Gurley,LAR,RB,25,15,2.1,13.8,57.1,14.9
Tom Brady,NWE,QB,42,16,0,0,2.1,1.6
Tommy Sweeney,BUF,NA,24,6,1.3,19,NA,NA
Tony Brooks-James,PIT,NA,25,3,0,0,2.3,2.7
Tony Pollard,DAL,NA,22,15,1,7.1,30.3,5.7
Tra Carson,2TM,NA,27,3,1.3,6,16,6
Trace McSorley,BAL,NA,24,1,0,0,1,1
Travis Benjamin,LAC,/wr,30,5,1.2,6,NA,NA
Travis Homer,SEA,NA,21,16,0.7,3.5,7.1,1.1
Travis Kelce,KAN,TE,30,16,6.1,76.8,0.3,0.1
Tre'Quan Smith,NOR,WR,23,11,1.6,21.3,NA,NA
Trent Sherfield,ARI,NA,23,16,0.3,5,NA,NA
Trevon Wesco,NYJ,NA,24,16,0.1,2.9,0.1,0.1
Trevor Davis,3TM,NA,26,14,0.6,7.9,5.2,0.3
Trey Burton,CHI,te,28,8,1.8,10.5,NA,NA
Trey Edmunds,PIT,NA,25,11,0.5,4.4,8.4,2
Trey Quinn,WAS,wr,24,12,2.2,16.5,NA,NA
Troy Fumagalli,DEN,te,24,11,0.5,3.5,NA,NA
Troymaine Pope,LAC,NA,26,14,0.1,1,1.4,0.7
Ty Johnson,DET,NA,22,16,1.5,6.8,17.1,3.9
Ty Montgomery,NYJ,/rb,26,16,0.8,5.6,6.4,2
Ty Sambrailo,ATL,NA,27,13,0.1,2.7,NA,NA
Tyler Boyd,CIN,WR,25,16,5.6,65.4,1.4,0.3
Tyler Conklin,MIN,NA,24,15,0.5,3.9,NA,NA
Tyler Eifert,CIN,/te,29,16,2.7,27.3,NA,NA
Tyler Ervin,2TM,NA,26,10,0.2,1.1,1,0.1
Tyler Higbee,LAR,TE,26,15,4.6,48.9,NA,NA
Tyler Kroft,BUF,NA,27,11,0.5,6.5,NA,NA
Tyler Lockett,SEA,WR,27,16,5.1,66.1,-0.3,0.3
Tyreek Hill,KAN,WR,25,12,4.8,71.7,1.9,0.7
Tyrell Williams,OAK,WR,27,14,3,46.5,NA,NA
Tyrod Taylor,LAC,NA,30,8,0,0,0.9,1.3
Tyrone Swoopes,SEA,NA,25,5,0.2,1,NA,NA
Vance McDonald,PIT,TE,29,14,2.7,19.5,0.1,0.1
Ventell Bryant,DAL,NA,23,12,0.1,1.3,NA,NA
Vernon Davis,WAS,/te,35,4,2.5,30.8,NA,NA
Virgil Green,LAC,NA,31,15,0.6,5.2,NA,NA
Vita Vea,TAM,NT,24,16,0.1,0.1,NA,NA
Vyncint Smith,NYJ,NA,23,13,1.3,17.3,4,0.2
Wayne Gallman,NYG,NA,25,10,1.1,10.2,11,2.9
Wendell Smallwood,WAS,NA,25,15,0.6,4.3,5.4,1.5
Wes Hills,DET,NA,24,1,2,1,21,10
Will Dissly,SEA,TE,23,6,3.8,43.7,1.2,0.2
Will Fuller,HOU,WR,25,11,4.5,60.9,NA,NA
Will Grier,CAR,NA,24,2,0,0,11,3.5
Willie Snead,BAL,WR,27,16,1.9,21.2,0.1,0.1
Xavier Grimble,PIT,NA,27,3,0.3,1,NA,NA
Zach Ertz,PHI,TE,29,15,5.9,61.1,NA,NA
Zach Gentry,PIT,NA,23,4,0.3,1,NA,NA
Zach Line,NOR,/fb,29,12,0.5,3,1.7,0.6
Zach Pascal,IND,WR,25,16,2.6,37.9,1,0.1
Zach Zenner,3TM,NA,28,5,0.4,3.8,-0.4,0.6
Zay Jones,2TM,NA,24,15,1.8,14.4,0.2,0.1
